<?xml version="1.0" encoding="UTF-8"?>
<GenRun Id="impl_1" LaunchPart="xc7z020clg484-1" LaunchTime="1745311576">
  <File Type="PA-TCL" Name="VM_FPGA.tcl"/>
  <File Type="REPORTS-TCL" Name="VM_FPGA_reports.tcl"/>
  <File Type="INIT-TIMING" Name="VM_FPGA_timing_summary_init.rpt"/>
  <File Type="OPT-DCP" Name="VM_FPGA_opt.dcp"/>
  <File Type="OPT-DRC" Name="VM_FPGA_drc_opted.rpt"/>
  <File Type="OPT-METHODOLOGY-DRC" Name="VM_FPGA_methodology_drc_opted.rpt"/>
  <File Type="OPT-HWDEF" Name="VM_FPGA.hwdef"/>
  <File Type="OPT-TIMING" Name="VM_FPGA_timing_summary_opted.rpt"/>
  <File Type="OPT-RQA-PB" Name="VM_FPGA_rqa_opted.pb"/>
  <File Type="PWROPT-DCP" Name="VM_FPGA_pwropt.dcp"/>
  <File Type="PWROPT-DRC" Name="VM_FPGA_drc_pwropted.rpt"/>
  <File Type="PWROPT-TIMING" Name="VM_FPGA_timing_summary_pwropted.rpt"/>
  <File Type="PLACE-DCP" Name="VM_FPGA_placed.dcp"/>
  <File Type="PLACE-IO" Name="VM_FPGA_io_placed.rpt"/>
  <File Type="PLACE-CLK" Name="VM_FPGA_clock_utilization_placed.rpt"/>
  <File Type="PLACE-UTIL" Name="VM_FPGA_utilization_placed.rpt"/>
  <File Type="PLACE-UTIL-PB" Name="VM_FPGA_utilization_placed.pb"/>
  <File Type="PLACE-CTRL" Name="VM_FPGA_control_sets_placed.rpt"/>
  <File Type="PLACE-SIMILARITY" Name="VM_FPGA_incremental_reuse_placed.rpt"/>
  <File Type="PLACE-PRE-SIMILARITY" Name="VM_FPGA_incremental_reuse_pre_placed.rpt"/>
  <File Type="PLACE-TIMING" Name="VM_FPGA_timing_summary_placed.rpt"/>
  <File Type="PLACE-RQA-PB" Name="VM_FPGA_rqa_placed.pb"/>
  <File Type="POSTPLACE-PWROPT-DCP" Name="VM_FPGA_postplace_pwropt.dcp"/>
  <File Type="POSTPLACE-PWROPT-TIMING" Name="VM_FPGA_timing_summary_postplace_pwropted.rpt"/>
  <File Type="PHYSOPT-DCP" Name="VM_FPGA_physopt.dcp"/>
  <File Type="PHYSOPT-DRC" Name="VM_FPGA_drc_physopted.rpt"/>
  <File Type="PHYSOPT-TIMING" Name="VM_FPGA_timing_summary_physopted.rpt"/>
  <File Type="ROUTE-ERROR-DCP" Name="VM_FPGA_routed_error.dcp"/>
  <File Type="ROUTE-DCP" Name="VM_FPGA_routed.dcp"/>
  <File Type="ROUTE-BLACKBOX-DCP" Name="VM_FPGA_routed_bb.dcp"/>
  <File Type="ROUTE-DRC" Name="VM_FPGA_drc_routed.rpt"/>
  <File Type="ROUTE-DRC-PB" Name="VM_FPGA_drc_routed.pb"/>
  <File Type="ROUTE-DRC-RPX" Name="VM_FPGA_drc_routed.rpx"/>
  <File Type="ROUTE-METHODOLOGY-DRC" Name="VM_FPGA_methodology_drc_routed.rpt"/>
  <File Type="ROUTE-METHODOLOGY-DRC-RPX" Name="VM_FPGA_methodology_drc_routed.rpx"/>
  <File Type="ROUTE-METHODOLOGY-DRC-PB" Name="VM_FPGA_methodology_drc_routed.pb"/>
  <File Type="ROUTE-PWR" Name="VM_FPGA_power_routed.rpt"/>
  <File Type="ROUTE-PWR-SUM" Name="VM_FPGA_power_summary_routed.pb"/>
  <File Type="ROUTE-PWR-RPX" Name="VM_FPGA_power_routed.rpx"/>
  <File Type="ROUTE-STATUS" Name="VM_FPGA_route_status.rpt"/>
  <File Type="ROUTE-STATUS-PB" Name="VM_FPGA_route_status.pb"/>
  <File Type="ROUTE-TIMINGSUMMARY" Name="VM_FPGA_timing_summary_routed.rpt"/>
  <File Type="ROUTE-TIMING-PB" Name="VM_FPGA_timing_summary_routed.pb"/>
  <File Type="ROUTE-TIMING-RPX" Name="VM_FPGA_timing_summary_routed.rpx"/>
  <File Type="ROUTE-SIMILARITY" Name="VM_FPGA_incremental_reuse_routed.rpt"/>
  <File Type="ROUTE-CLK" Name="VM_FPGA_clock_utilization_routed.rpt"/>
  <File Type="ROUTE-BUS-SKEW" Name="VM_FPGA_bus_skew_routed.rpt"/>
  <File Type="ROUTE-BUS-SKEW-PB" Name="VM_FPGA_bus_skew_routed.pb"/>
  <File Type="ROUTE-BUS-SKEW-RPX" Name="VM_FPGA_bus_skew_routed.rpx"/>
  <File Type="ROUTE-RQS-PB" Name="VM_FPGA_rqs_routed.pb"/>
  <File Type="POSTROUTE-PHYSOPT-DCP" Name="VM_FPGA_postroute_physopt.dcp"/>
  <File Type="POSTROUTE-PHYSOPT-BLACKBOX-DCP" Name="VM_FPGA_postroute_physopt_bb.dcp"/>
  <File Type="POSTROUTE-PHYSOPT-TIMING" Name="VM_FPGA_timing_summary_postroute_physopted.rpt"/>
  <File Type="POSTROUTE-PHYSOPT-TIMING-PB" Name="VM_FPGA_timing_summary_postroute_physopted.pb"/>
  <File Type="POSTROUTE-PHYSOPT-TIMING-RPX" Name="VM_FPGA_timing_summary_postroute_physopted.rpx"/>
  <File Type="POSTROUTE-PHYSOPT-BUS-SKEW" Name="VM_FPGA_bus_skew_postroute_physopted.rpt"/>
  <File Type="POSTROUTE-PHYSOPT-BUS-SKEW-PB" Name="VM_FPGA_bus_skew_postroute_physopted.pb"/>
  <File Type="POSTROUTE-PHYSOPT-BUS-SKEW-RPX" Name="VM_FPGA_bus_skew_postroute_physopted.rpx"/>
  <File Type="BG-BIT" Name="VM_FPGA.bit"/>
  <File Type="BG-BIN" Name="VM_FPGA.bin"/>
  <File Type="BITSTR-MSK" Name="VM_FPGA.msk"/>
  <File Type="BITSTR-RBT" Name="VM_FPGA.rbt"/>
  <File Type="BITSTR-NKY" Name="VM_FPGA.nky"/>
  <File Type="BITSTR-BMM" Name="VM_FPGA_bd.bmm"/>
  <File Type="BITSTR-MMI" Name="VM_FPGA.mmi"/>
  <File Type="PDI-FILE" Name="VM_FPGA.pdi"/>
  <File Type="BOOT-PDI-FILE" Name="VM_FPGA_boot.pdi"/>
  <File Type="PL-PDI-FILE" Name="VM_FPGA_pld.pdi"/>
  <File Type="RCFI_FILE" Name="VM_FPGA.rcfi"/>
  <File Type="CFI_FILE" Name="VM_FPGA.cfi"/>
  <File Type="RNPI_FILE" Name="VM_FPGA.rnpi"/>
  <File Type="NPI_FILE" Name="VM_FPGA.npi"/>
  <File Type="RBD_FILE" Name="VM_FPGA.rbd"/>
  <File Type="BITSTR-LTX" Name="debug_nets.ltx"/>
  <File Type="BITSTR-LTX" Name="VM_FPGA.ltx"/>
  <File Type="BITSTR-SYSDEF" Name="VM_FPGA.sysdef"/>
  <File Type="BG-BGN" Name="VM_FPGA.bgn"/>
  <File Type="BG-DRC" Name="VM_FPGA.drc"/>
  <File Type="RDI-RDI" Name="VM_FPGA.vdi"/>
  <File Type="WBT-USG" Name="usage_statistics_webtalk.html"/>
  <File Type="ROUTE-RQS" Name="VM_FPGA_routed.rqs"/>
  <File Type="POSTROUTE-PHYSOPT-RQS" Name="VM_FPGA_postroute_physopted.rqs"/>
  <File Type="ROUTE-RQS-RPT" Name="route_report_qor_suggestions_0.rpt"/>
  <File Type="POSTROUTE-PHYSOPT-RQS-RPT" Name="postroute_physopt_report_qor_suggestions_0.rpt"/>
  <FileSet Name="sources" Type="DesignSrcs" RelSrcDir="$PSRCDIR/sources_1" RelGenDir="$PGENDIR/sources_1">
    <Filter Type="Srcs"/>
    <File Path="$PSRCDIR/sources_1/new/VM_FPGA.v">
      <FileInfo>
        <Attr Name="UsedIn" Val="synthesis"/>
        <Attr Name="UsedIn" Val="implementation"/>
        <Attr Name="UsedIn" Val="simulation"/>
      </FileInfo>
    </File>
    <File Path="$PSRCDIR/sources_1/bd/design_1/design_1.bd">
      <FileInfo>
        <Attr Name="AutoDisabled" Val="1"/>
        <Attr Name="UsedIn" Val="synthesis"/>
        <Attr Name="UsedIn" Val="implementation"/>
        <Attr Name="UsedIn" Val="simulation"/>
      </FileInfo>
    </File>
    <Config>
      <Option Name="DesignMode" Val="RTL"/>
      <Option Name="TopModule" Val="VM_FPGA"/>
      <Option Name="TopLib" Val="xil_defaultlib"/>
      <Option Name="TopRTLFile" Val="$PSRCDIR/sources_1/new/VM_FPGA.v"/>
      <Option Name="TopAutoSet" Val="TRUE"/>
    </Config>
  </FileSet>
  <FileSet Name="constrs_in" Type="Constrs" RelSrcDir="$PSRCDIR/constrs_1" RelGenDir="$PGENDIR/constrs_1">
    <Filter Type="Constrs"/>
    <File Path="$PSRCDIR/constrs_1/new/VM_Constraint.xdc">
      <FileInfo>
        <Attr Name="UsedIn" Val="synthesis"/>
        <Attr Name="UsedIn" Val="implementation"/>
      </FileInfo>
    </File>
    <Config>
      <Option Name="ConstrsType" Val="XDC"/>
    </Config>
  </FileSet>
  <FileSet Name="utils" Type="Utils" RelSrcDir="$PSRCDIR/utils_1" RelGenDir="$PGENDIR/utils_1">
    <Filter Type="Utils"/>
    <File Path="$PSRCDIR/utils_1/imports/synth_1/VM_FPGA.dcp">
      <FileInfo>
        <Attr Name="UsedIn" Val="synthesis"/>
        <Attr Name="UsedIn" Val="implementation"/>
        <Attr Name="UsedInSteps" Val="synth_1"/>
        <Attr Name="AutoDcp" Val="1"/>
      </FileInfo>
    </File>
    <Config>
      <Option Name="TopAutoSet" Val="TRUE"/>
    </Config>
  </FileSet>
  <Strategy Version="1" Minor="2">
    <StratHandle Name="Vivado Implementation Defaults" Flow="Vivado Implementation 2024">
      <Desc>Default settings for Implementation.</Desc>
    </StratHandle>
    <Step Id="init_design"/>
    <Step Id="opt_design"/>
    <Step Id="power_opt_design"/>
    <Step Id="place_design"/>
    <Step Id="post_place_power_opt_design"/>
    <Step Id="phys_opt_design"/>
    <Step Id="route_design"/>
    <Step Id="post_route_phys_opt_design"/>
    <Step Id="write_bitstream"/>
  </Strategy>
</GenRun>
